id,first_name,last_name,email,phone,password_hash,country,state,age,gender,plan_id,promocode,terms_accepted,created_at,is_verified,role,referral_code
1001,Ahmad,Kumar,ahmad.kumar1001@example.com,+100-8746317213,$2b$12$gTpigTHKbfoLISRABr1VjArnVgxwvqcCh5esM2wleOV911xCZkwPR,Afghanistan,Kabul,28,male,5,GLOBALICP8573,t,2026-01-20 04:40:00.000,f,admin,AHMADICP4598
1002,Amina,Okafor,amina.okafor1002@example.com,+100-8940395823,$2b$12$uVdYXye4JSnE2NiiUHUAKw9iEU1jjQKxKDpI6Qh2UVvsjaSS8VFgM,Afghanistan,Kabul,27,female,3,REFICP9689,t,2026-05-11 04:12:00.000,t,user,AMINAICP9005
1003,Arben,Smith,arben.smith1003@example.com,+101-6083651970,$2b$12$gw9YooJeTY8HhO6kGL75UQSyPx3BpdbIKaRdebuFrEHS2JpDzfOvz,Albania,Tirana,59,male,1,,t,2026-01-15 06:41:00.000,t,user,ARBENICP2790
1004,Elira,Hassan,elira.hassan1004@example.com,+101-7067970820,$2b$12$lHilC2eY1gOHafUozD13kay5WrRTWPElndTdtdD5GdF0ee1z6JJcf,Albania,Tirana,34,female,2,TESTICP4910,t,2026-05-14 19:59:00.000,t,user,ELIRAICP5915
1005,Yacine,Garcia,yacine.garcia1005@example.com,+102-7963764597,$2b$12$tUeC99enq522wjZRL9OaYsP6ihgIqLSmNqE40fAraVNqTIAae24HZ,Algeria,Algiers,20,male,3,AARAVICP6862,t,2026-02-07 22:08:00.000,t,user,YACINEICP2684
1006,Samira,Rossi,samira.rossi1006@example.com,+102-7519038154,$2b$12$W2zMj518Y2bTu5X1YqWg21nYCsXoblu17rNy8H6h8l7qgATtLFxJp,Algeria,Algiers,52,female,6,GLOBALICP6967,t,2026-04-22 09:33:00.000,f,user,SAMIRAICP6409
1007,Marc,Chen,marc.chen1007@example.com,+103-8676432103,$2b$12$t0SstzyshA6P3MsHarAJOCBnD3XkfFNuYUPnmbpD0ezNmREpOaUVg,Andorra,Andorra la Vella,62,male,5,REFICP5082,t,2026-04-19 16:11:00.000,t,user,MARCICP3184
1008,Laia,Silva,laia.silva1008@example.com,+103-9442058095,$2b$12$CGItUBY3A4Bj1BU0rWEoBSou3ejxjnzuCdZyV6b2JD6sy3ZHTX3Eq,Andorra,Andorra la Vella,39,female,6,WELCOMEICP3704,t,2026-05-05 09:24:00.000,f,user,LAIAICP9751
1009,Mateus,Muller,mateus.muller1009@example.com,+104-6115820025,$2b$12$4KPfA1lquCu2r6AZDUd7ne7cbp0MoDh6CpwL7SWktJ5J4x6mKZpRs,Angola,Luanda,20,male,3,TESTICP2129,t,2026-02-01 03:50:00.000,t,user,MATEUSICP7882
1010,Esperanca,Brown,bat.kim1223@example.com,+104-9531884396,$2b$12$EAw3CjkGOM5WCZKtp5rBUJPuEuEvqrK2IGlozIoDSBbszpPwIv9Iv,Angola,Luanda,34,female,2,,t,2026-04-27 17:19:00.000,t,user,ESPERANCICP9779
1011,Darius,Santos,darius.santos1011@example.com,+105-9273579452,$2b$12$QlTrKVL8ZswsRhcds6NUgarDv7p1heEJQjY6fpIzKMWx4sKAJd7gV,Antigua and Barbuda,Saint John's,23,male,2,REFICP2229,t,2026-02-24 17:42:00.000,t,user,DARIUSICP8699
1012,Anika,Yamamoto,anika.yamamoto1012@example.com,+105-7250949136,$2b$12$crr1eoqXKXmhnjqidXKZ5BDsyqHBL3TLboP1KbVYJVkGBr9BY8Dzt,Antigua and Barbuda,Saint John's,44,female,6,WELCOMEICP1601,t,2026-01-27 14:21:00.000,t,user,ANIKAICP6296
1013,Santiago,Ivanov,santiago.ivanov1013@example.com,+106-6497879474,$2b$12$8zF9OHzlwUMVmI5BRh8LojIIf94ChZESFqZ8pIx5F21rWz5FYrsK9,Argentina,Buenos Aires,52,male,4,REFICP9903,t,2026-05-06 13:28:00.000,f,user,SANTIAGOICP4090
1014,Valentina,Dubois,valentina.dubois1014@example.com,+106-8995732958,$2b$12$ox1ztD4x9XOj7h7ug0g4ai18eWqMyeuPH7M3EHMoQrof8VRgksbud,Argentina,Buenos Aires,27,female,2,REFICP3950,t,2026-04-02 20:27:00.000,t,user,VALENTINICP7267
1015,Aram,Okafor,aram.okafor1015@example.com,+107-8661635754,$2b$12$QEKoNCP3CrHe69s7QCs90gxwsRbZya1W84UZ3WoXnlpUVQigMcWcw,Armenia,Yerevan,36,male,3,GLOBALICP4289,t,2026-02-03 11:58:00.000,t,user,ARAMICP6994
1016,Ani,Khan,camille.santos1118@example.com,+107-8279993598,$2b$12$Fqk467s1XDeUnPPy0IfyqhwUqxNxPDM6uLONCROhcc9hoHyx6RHKT,Armenia,Yerevan,49,female,5,TESTICP1536,t,2026-04-18 05:06:00.000,t,user,ANIICP8285
1017,Jack,Hassan,jack.hassan1017@example.com,+108-7014096062,$2b$12$1gQH8wylh0CPNLbWphJeVmn1uj3a1iipkObaWoukdTGUDWFgF6cW1,Australia,Sydney,59,male,1,,t,2026-05-14 18:29:00.000,t,user,JACKICP2768
1018,Charlotte,Petrov,charlotte.petrov1018@example.com,+108-8105688676,$2b$12$SB3tjhMKSxLsFAXhO2I1A3zZyTttp7QDffAUxid7IPz26A4drtgFj,Australia,Sydney,24,female,3,TESTICP2882,t,2026-05-04 16:54:00.000,t,user,CHARLOTTICP8030
1019,Lukas,Rossi,lukas.rossi1019@example.com,+109-9629913789,$2b$12$IVMPILOQbqV5vliOeT8fGxCjtu6K2jUdfBALznFvgQKGtn9dm6VVr,Austria,Vienna,45,male,2,,t,2026-01-31 09:31:00.000,t,user,LUKASICP6802
1020,Anna,Costa,anna.costa1020@example.com,+109-6309561891,$2b$12$yUBCetAzNrz7k6CQwBgBye1UnWeNGmWv7OjgpkjVe6MCIJQ2N9u8t,Austria,Vienna,46,female,6,TESTICP1920,t,2026-04-23 11:30:00.000,t,user,ANNAICP8565
1021,Rashad,Silva,rashad.silva1021@example.com,+110-7940955281,$2b$12$cwrN8fKxJ7Tc4JlLF7BYZ8fOcR9GLw4yWQdNuuIxp07LjfP4tOPhR,Azerbaijan,Baku,42,male,6,GLOBALICP9624,t,2026-01-22 18:35:00.000,t,user,RASHADICP9331
1022,Aysel,Nguyen,aysel.nguyen1022@example.com,+110-7554039848,$2b$12$bt6vVl9jsWFHTGP2MLjlQM3ScwS8LUWoo7W4mQJBVWFzkmL2dDx5S,Azerbaijan,Baku,23,female,2,REFICP3414,t,2026-05-13 12:18:00.000,t,user,AYSELICP4637
1023,Jamal,Brown,jamal.brown1023@example.com,+111-9507713760,$2b$12$BvbdFo9xb50OXirZRiRBaepZITGgrscAXCg4KbFpiAMozPf8eGF9I,Bahamas,Nassau,58,male,4,TESTICP1266,t,2026-04-11 00:02:00.000,t,user,JAMALICP4950
1024,Talia,Ali,talia.ali1024@example.com,+111-9147957706,$2b$12$OgKUivuNZQ8DliS6cmX2ttyYDcOr1cOqXByB7vlQwXqfAA9lsgusB,Bahamas,Nassau,46,female,3,TESTICP8126,t,2026-04-20 14:44:00.000,f,user,TALIAICP1939
1025,Hamad,Yamamoto,hamad.yamamoto1025@example.com,+112-6322299355,$2b$12$PzFUjb0QBhoOw6cjBwBeiwtr7blG4hWRnLR9miekS9Y79PRIssjRR,Bahrain,Manama,32,male,1,GLOBALICP4878,t,2026-02-14 20:32:00.000,t,user,HAMADICP7044
1026,Noora,Novak,noora.novak1026@example.com,+112-8007492791,$2b$12$XILft9SGVZe8NBQv2WNl7A4dhjkuRv630pNIhsHFk6jOSL0IZbcNJ,Bahrain,Manama,57,female,6,,t,2026-02-24 03:26:00.000,t,user,NOORAICP5949
1027,Rahim,Dubois,,+113-8074232200,$2b$12$pYzCQjzCvi1t9vyVFgohBid61z73Y5Slj9C2EfyCoKdrL0Pragiqw,Bangladesh,Dhaka,43,male,1,GLOBALICP6939,t,2026-04-14 20:02:00.000,t,user,RAHIMICP9261
1028,Nusrat,Ndlovu,nusrat.ndlovu1028@example.com,+113-7934257315,$2b$12$Vr9Qh8yXv6UmFFciuDCLFuMk9TsuZHRsYwP8KXSQbD7WWJSKkMM0j,Bangladesh,Dhaka,62,female,1,WELCOMEICP6139,t,2026-03-04 10:36:00.000,t,user,NUSRATICP4340
1029,Dwayne,Khan,dwayne.khan1029@example.com,+114-7762557538,$2b$12$FLD0TRGI9Dx7CHHP1QXqE7rs68VRQEDI5SrJH3yvVjc7e5OUnZqIq,Barbados,Bridgetown,55,male,2,REFICP4697,t,2026-01-29 04:47:00.000,t,user,DWAYNEICP7771
1030,Shanice,Kim,shanice.kim1030@example.com,+114-7418600299,$2b$12$SgVaI5z52Dm7tO4fJHS64k2k59yE6752aJg8r9HE60DlgkCplTXJU,Barbados,Bridgetown,58,female,4,REFICP6372,t,2026-02-15 04:54:00.000,t,user,SHANICEICP4027
1031,Maksim,Petrov,maksim.petrov1031@example.com,+115-6603923411,$2b$12$D6axBquKJqwoPCjQ53VQN6wn7DC9xR4UXZVQKWGGw4gZ3mHk0BQSE,Belarus,Minsk,21,male,4,,t,2026-05-11 23:51:00.000,t,user,MAKSIMICP8575
1032,Alina,Lopez,alina.lopez1032@example.com,+115-8889515311,$2b$12$YSyYUJcvd95e5bzVV8OA9x14xQPHOvlHGTnabsPHGZpvr6SgYzV2a,Belarus,Minsk,56,female,1,AARAVICP5009,t,2026-02-22 11:06:00.000,t,user,ALINAICP4839
1033,Noah,Costa,noah.costa1033@example.com,+116-8318250726,$2b$12$n1dFrYTtLPtsiOnsd624MAE86PWtzjxUD0sRX4I8IipmO50fSlqPL,Belgium,Brussels,55,male,6,GLOBALICP8854,t,2026-01-19 15:51:00.000,f,user,NOAHICP5967
1034,Emma,Singh,emma.singh1034@example.com,+116-9904100195,$2b$12$a67h9DpLm4IWxHwqFEg8D04wzInjq5JzjuxZEOQpY7NEkXkSE4HNd,Belgium,Brussels,60,female,1,WELCOMEICP3252,t,2026-01-09 11:52:00.000,t,user,EMMAICP3474
1035,Mateo,Nguyen,mateo.nguyen1035@example.com,+117-6039262289,$2b$12$nCdN54OaGzbSHrFRA6l4GoMpvXe7CpRsZe9ObzxDNRf0Nu8834o3Q,Belize,Belmopan,22,male,6,REFICP1539,t,2026-05-02 17:02:00.000,t,user,MATEOICP1256
1036,Isabella,Rahman,isabella.rahman1036@example.com,+117-6889737338,$2b$12$KUSyekoZy3uUi9SF8dBZvV7yVbq9Ew6AQOfMXSfjSNTtgatwqilBI,Belize,Belmopan,23,female,3,REFICP6315,t,2026-04-15 12:01:00.000,t,user,ISABELLAICP7779
1037,Kossi,Ali,kossi.ali1037@example.com,+118-7665586415,$2b$12$WSI9pGQkqqjkrsWw6SEMCiay0x1BAZOKsLRDlytTN8WurWw5m9lVb,Benin,Porto-Novo,46,male,3,AARAVICP7703,t,2026-04-30 07:13:00.000,t,user,KOSSIICP5961
1038,Afi,Martin,afi.martin1038@example.com,+118-7039472999,$2b$12$pjAxBLKH51zc8RYK4gpPkLINO7uXggnUIQnxCQQj9Ds5fZTvvWGvg,Benin,Porto-Novo,37,female,1,AARAVICP1370,t,2026-04-26 19:04:00.000,t,user,AFIICP3692
1039,Tenzin,Novak,tenzin.novak1039@example.com,+119-9993986472,$2b$12$9pkjI7ozlNAbMmKyRmUYdg2luCq1GNLLKv0MYRsMfihslQFzixlNQ,Bhutan,Thimphu,49,male,3,,t,2026-02-15 02:10:00.000,t,user,TENZINICP1878
1040,Pema,Andersson,pema.andersson1040@example.com,+119-9717389692,$2b$12$waiY7FEQz0EfbVsrHkCUVIhhWZwZcSH9gZUs9BvYB9WoYKvSNkimm,Bhutan,Thimphu,52,female,3,GLOBALICP6302,f,2026-01-17 03:22:00.000,t,user,PEMAICP5380
1041,Diego,Ndlovu,diego.ndlovu1041@example.com,+120-9685154296,$2b$12$F3YiUzdrORijtp0yiNMxeXVyUR2CEK10f8NR0Xy8ZEurHi0W3VcMZ,Bolivia,La Paz,28,male,4,WELCOMEICP4314,f,2026-01-05 12:59:00.000,f,user,DIEGOICP5945
1042,Camila,Popescu,camila.popescu1042@example.com,+120-6682802977,$2b$12$22fwfPOdMTUAffneKGBavh1RDofXgwsxY2NPeILkvnU5MBn3ihTvA,Bolivia,La Paz,59,female,1,REFICP5668,t,2026-02-05 16:17:00.000,t,user,CAMILAICP5942
1043,Amir,Kim,amir.kim1043@example.com,+121-6882382645,$2b$12$GFUsd37EgEKG895i1JwQV7VbeqcdWFMFzRfHMrtFmYHyNZQeRT0df,Bosnia and Herzegovina,Sarajevo,57,male,5,,t,2026-04-22 12:29:00.000,t,user,AMIRICP3877
1044,Lejla,Mensah,lejla.mensah1044@example.com,+121-6513003815,$2b$12$aiaEvGYqxU2Th3uAGq8MEFd1kjV3PhTa1acw5l7cXSOnp4tZJhPdn,Bosnia and Herzegovina,Sarajevo,22,female,4,TESTICP6362,t,2026-05-13 10:25:00.000,t,user,LEJLAICP7044
1045,Kabelo,Lopez,kabelo.lopez1045@example.com,+122-6861876057,$2b$12$sWTpw89WTHXj5bHNQauVxTtm8A78irco0z3CUKFNyKdPis05yZuCo,Botswana,Gaborone,55,male,1,,t,2026-02-21 13:49:00.000,t,user,KABELOICP7660
1046,Naledi,Takahashi,naledi.takahashi1046@example.com,+122-6518560332,$2b$12$H7mtqhjQZRcZufpwFPq9bzCUpCXiaZ8iZxNNKqYbd3Bh4ZucCkJYy,Botswana,Gaborone,45,female,2,GLOBALICP5505,t,2026-01-08 21:43:00.000,f,user,NALEDIICP1567
1047,Lucas,Singh,lucas.singh1047@example.com,+123-8637567649,$2b$12$MpszIdrim2GNXX9WwHE4Fyltn3Wd9GV98gOqY4d9n0Xv00kKXR4bR,Brazil,Sao Paulo,49,male,5,WELCOMEICP1621,t,2026-02-07 03:12:00.000,t,user,LUCASICP4584
1048,Mariana,Kumar,mariana.kumar1048@example.com,+123-6085590073,$2b$12$Ga4miS40ubK4W017x6ygsij6X7Ok8R5WnKktQhT66y97cL57nJ6iU,Brazil,Sao Paulo,28,female,6,AARAVICP6500,t,2026-03-02 20:20:00.000,t,user,MARIANAICP5088
1049,Hakim,Rahman,hakim.rahman1049@example.com,+124-8977168607,$2b$12$epgaxT82ExHgD1OQke0st7ekxTH3fKMDb6k3jgmlRSTqrodJ0jwAs,Brunei,Bandar Seri Begawan,19,male,2,,t,2026-05-03 15:06:00.000,t,user,HAKIMICP2892
1050,Alya,Smith,alya.smith1050@example.com,+124-7324367744,$2b$12$WD3qNyxxlcBqZIjRfPYzUodyG7Q6Josy0cJGJ8j6B6knlceQmYjKt,Brunei,Bandar Seri Begawan,53,female,4,TESTICP9514,t,2026-01-18 11:24:00.000,t,user,ALYAICP9561
1051,Ivan,Martin,ivan.martin1051@example.com,+125-9357314353,$2b$12$AzjKV65IgrHvzxELcriLRc3uoU53bYsrERg1i8BZqzOlnZTV1YFjt,Bulgaria,Sofia,51,male,5,,t,2026-05-10 21:08:00.000,t,user,IVANICP1944
1052,Mila,Garcia,mila.garcia1052@example.com,+125-7071552532,$2b$12$cdwmwCy5QpEB7DIvZqZfbd0WnnnmOF17QDikXnL6SRr30CnsGMKa9,Bulgaria,Sofia,56,female,5,AARAVICP8892,t,2026-04-07 02:41:00.000,f,user,MILAICP6327
1053,Issa,Andersson,issa.andersson1053@example.com,+126-9700078247,$2b$12$rO7OlGod1YztibEs4zTK9YvSQND6wskOIsDTSI463Onn2A2xKChdN,Burkina Faso,Ouagadougou,30,male,5,,t,2026-01-20 00:56:00.000,t,user,ISSAICP7768
1054,Awa,Chen,awa.chen1054@example.com,+126-6232194392,$2b$12$1j9v939i1lfu9tdCmVJjWWiAAADaHT63UGbaTo2tgFsec6CGGAQi9,Burkina Faso,Ouagadougou,30,female,2,WELCOMEICP1313,t,2026-05-06 20:48:00.000,t,user,AWAICP3149
1055,Jean,Popescu,jose.smith1243@example.com,+127-6907055132,$2b$12$TKkwOc2pHd9PObQzxHDjRNsPPqLiZgShhgmmqGmRscEm5uaP4ZPjf,Burundi,Gitega,24,male,3,WELCOMEICP5850,t,2026-05-11 11:46:00.000,t,user,JEANICP3862
1056,Claudine,Muller,claudine.muller1056@example.com,+127-9754404646,$2b$12$csXtTfVc0PkwBM2fYly7qx0XOXhRd6jzKXQlxwbQZ8i5hzcqtRQVJ,Burundi,Gitega,39,female,5,REFICP2560,t,2026-02-28 06:55:00.000,t,user,CLAUDINEICP8895
1057,Sokha,Mensah,sokha.mensah1057@example.com,+128-7484982750,$2b$12$PNjZ3Ma5FDEkUturFIxYeBJfEt8UbzcIZX7N3IOCvZY0uVLSwCgOa,Cambodia,Phnom Penh,36,male,5,AARAVICP1750,t,2026-04-02 05:51:00.000,t,user,SOKHAICP7704
1058,Dara,Santos,dara.santos1058@example.com,+128-6459396179,$2b$12$pmh0nZluUcNPh3CKF7aTIAK5W4QkYgOLt2zLQpyvsXiL2F0HtTInn,Cambodia,Phnom Penh,61,female,2,GLOBALICP9255,t,2026-03-17 06:22:00.000,t,user,DARAICP2890
1059,Emmanuel,Takahashi,emmanuel.takahashi1059@example.com,+129-9267503871,$2b$12$vDJPzU0r0YGbjPmUjrp0QsUcYg1T1UIoWXrP5y78tIapMW1Z4ROUH,Cameroon,Yaounde,36,male,4,,t,2026-02-21 08:12:00.000,t,user,EMMANUELICP3847
1060,Binta,Ivanov,,+129-9157142361,$2b$12$FxAIiKpuSjjud5MPEJwWtnleFzHfnnuwnUG9Z8aPB4MM7Qt46xHr4,Cameroon,Yaounde,50,female,4,TESTICP4154,t,2026-04-07 01:51:00.000,t,user,BINTAICP2572
1061,Liam,Kumar,liam.kumar1061@example.com,+130-6718955214,$2b$12$8VHMnNnQZmZ2TAYeQbScelpeY4zBztyhaSdUc0wFrQLr5xYbjnUX0,Canada,Toronto,37,male,6,TESTICP1182,t,2026-03-18 05:09:00.000,t,user,LIAMICP3019
1062,Olivia,Okafor,olivia.okafor1062@example.com,+111-7349892049,$2b$12$aKH6sU4vzOFjnZmlX0059CIsegSEuhOgM3tBMsKJwtAapnTB0iT2C,Canada,Toronto,53,female,1,,t,2026-04-02 18:31:00.000,t,user,OLIVIAICP3293
1063,Tiago,Smith,tiago.smith1063@example.com,+131-9828091626,$2b$12$Hq2eebFbKzK4IH9DWwnVTsCFyFP0YMkFBl6O7TDwnEdwcm4wDCc8u,Cape Verde,Praia,35,male,6,REFICP3848,t,2026-05-15 05:53:00.000,t,user,TIAGOICP2275
1064,Ines,Hassan,ines.hassan1064@example.com,+131-8219050244,$2b$12$p8nzYvX3a2BoFrjjLYOzuhPDKOzphKiF3jk5Gz8N2TY6nLDDnziKV,Cape Verde,Praia,61,female,3,REFICP2127,t,2026-05-11 17:10:00.000,t,user,INESICP2778
1065,Blaise,Garcia,hawa.rossi1246@example.com,+132-6071135963,$2b$12$m1FAjfDMcWFhDiLZ3WOGwcGoXWxKTVRgiDo1r2zlRWJhaOQtwjOp1,Central African Republic,Bangui,57,male,3,WELCOMEICP4337,t,2026-04-20 03:23:00.000,t,user,BLAISEICP8904
1066,Sandrine,Rossi,sandrine.rossi1066@example.com,+132-6767594840,$2b$12$wIptvRT1OUBRknyuIRRj7afj5Adnecx9MGSL6YNBmOXrcLFokcoaj,Central African Republic,Bangui,60,female,4,GLOBALICP9482,t,2026-03-12 21:22:00.000,t,user,SANDRINEICP2477
1067,Mahamat,Chen,mahamat.chen1067@example.com,+133-8360482466,$2b$12$rZ4v7rLm5Jqzges6X72YJR7IVU7CCKbheN9Pot7GaZpfPYe5Dv3q6,Chad,N'Djamena,30,male,2,TESTICP4387,t,2026-02-19 00:47:00.000,t,user,MAHAMATICP6833
1068,Aicha,Silva,aicha.silva1068@example.com,+133-6669995863,$2b$12$Whe7Ea170xt32JrlVFyUhGA6cv1WChGtaPxgw1lqq7vlAzUwyBJ8Q,Chad,N'Djamena,33,female,5,WELCOMEICP4212,t,2026-01-27 08:17:00.000,f,user,AICHAICP3450
1069,Matias,Muller,matias.muller1069@example.com,+134-8031463806,$2b$12$XkE90GSWsIJyQdYDNBuwI5pbh17mJOkWwPET3xrNikYuNJ0ekotsq,Chile,Santiago,46,male,3,REFICP8377,t,2026-04-12 17:56:00.000,t,user,MATIASICP1378
1070,Sofia,Brown,sofia.brown1070@example.com,+134-6537042335,$2b$12$TP6Rekgd2IbyVfqjO2tprMiZbP1uD8HqB8RkLNNIGNtvHXBwqsaY0,Chile,Santiago,52,female,1,WELCOMEICP8816,t,2026-03-30 18:30:00.000,t,user,SOFIAICP5799
1071,Wei,Santos,wei.santos1071@example.com,+135-8564111605,$2b$12$oaxzIykTyxqAoV4YQrUYz0lrNMqMlbdHlgqSTojEvtX9CXu07dWeD,China,Shanghai,42,male,1,,t,2026-02-19 17:52:00.000,t,user,WEIICP8257
1072,Mei,Yamamoto,mei.yamamoto1072@example.com,+135-7061553531,$2b$12$TcCVG8DQtuNc6GpNm31nhNukrhWacWDKxfjfM59MdNRXho8WUXBlQ,China,Shanghai,34,female,1,WELCOMEICP5828,t,2026-04-03 08:08:00.000,t,user,MEIICP4057
1073,Sebastian,Ivanov,sebastian.ivanov1073@example.com,+155-6259740229,$2b$12$vTrZ4IejsqwaNxlb1WoSOHyGEIMuNgGeZi2mEgJZOGRpwLe5mE3eX,Colombia,Bogota,44,male,3,AARAVICP5355,t,2026-01-16 20:35:00.000,t,user,SEBASTIAICP5979
1074,Catalina,Dubois,catalina.dubois1074@example.com,+136-6334729865,$2b$12$67gSGlGpMlUzgNwCP2klyuj9Bvt9uxVATLInV5p7ByT8KG9ssn1bY,Colombia,Bogota,53,female,5,GLOBALICP2544,t,2026-03-13 02:32:00.000,t,user,CATALINAICP3267
1075,Ali,Okafor,ali.okafor1075@example.com,+137-7138115565,$2b$12$wKoYfy4TSXkZQJ4KsTJedVvYz11oOLaWxscHjFndTyBKFnryifJdy,Comoros,Moroni,45,male,6,,t,2026-01-22 21:32:00.000,t,user,ALIICP8993
1076,Fatima,Khan,fatima.khan1076@example.com,+137-7697881328,$2b$12$OmMTpeWu5fPAvtKbs9M9BjcYmxU0gd651YaRgBbmHmGqDTiRbKPck,Comoros,Moroni,62,female,5,WELCOMEICP1136,t,2026-03-14 15:50:00.000,t,user,FATIMAICP6901
1077,Kevin,Hassan,kevin.hassan1077@example.com,+138-9712064103,$2b$12$gs2x8FS4ELfm7ISc5sEUbQws98rdpy9966nvyiTGQ2QzJAtLBiOKQ,Congo,Brazzaville,62,male,6,GLOBALICP8046,f,2026-02-21 13:19:00.000,f,user,KEVINICP3378
1078,Mireille,Petrov,mireille.petrov1078@example.com,+138-8818493901,$2b$12$54tI6ht2TV2zzB535qWglVLqJooQwQDFLSx0EilbVaqzU9Ue591Eu,Congo,Brazzaville,43,female,1,WELCOMEICP6126,t,2026-04-28 16:27:00.000,f,user,MIREILLEICP9784
1079,Andres,Rossi,andres.rossi1079@example.com,+139-8255847950,$2b$12$NRcgC22pH8cyV7lB2Vrks4Q4COfFlK3HyubC332fuOSkTfRNfRT8L,Costa Rica,San Jose,42,male,1,TESTICP3459,t,2026-02-10 21:35:00.000,t,user,ANDRESICP1840
1080,Lucia,Costa,lucia.costa1080@example.com,+139-7802089646,$2b$12$tT7rl37aVaEEYLEnOCBLa2rMYmldvjcJLufg9krORJI7UwcVu3YV0,Costa Rica,San Jose,26,female,1,TESTICP6393,t,2026-01-17 18:30:00.000,t,user,LUCIAICP4425
1081,Luka,Silva,,+140-8628750833,$2b$12$dJ8GfSLWRA0qJM5METEY2osmhCXTmMzcvXnNQpesIVhuyJ7ZmZ5DD,Croatia,Zagreb,48,male,2,REFICP6490,t,2026-01-11 05:08:00.000,t,user,LUKAICP1917
1082,Ivana,Nguyen,ivana.nguyen1082@example.com,+140-9586751837,$2b$12$GJQIbJu4Xej0vxHkLlhWt1Sqf2xZsGkxcmfFX4jvD2tuVg8G9mcy1,Croatia,Zagreb,20,female,6,AARAVICP6460,t,2026-01-30 09:19:00.000,t,user,IVANAICP9529
1083,Alejandro,Brown,alejandro.brown1083@example.com,+141-9290718839,$2b$12$OtJt3tlrtBhjqaMFmvtiRrpeMvBiDPgdAlKKZRMtYSPH8UCiY5DCQ,Cuba,Havana,32,male,2,REFICP5227,t,2026-05-01 00:14:00.000,t,user,ALEJANDRICP6412
1084,Yadira,Ali,yadira.ali1084@example.com,+141-9387778726,$2b$12$1uEegD0rvJFzSgIesCKopjDemRA8JvRkPTSZhKugBtzLQKYuNdniK,Cuba,Havana,27,female,4,WELCOMEICP8326,t,2026-01-01 13:42:00.000,t,user,YADIRAICP6187
1085,Andreas,Yamamoto,andreas.yamamoto1085@example.com,+142-7287353440,$2b$12$J4s6A8vfa9zhswIdRYw11oRytxxHPDlx50j9PieaSEB9fNzCWLAlF,Cyprus,Nicosia,32,male,2,AARAVICP9161,t,2026-04-26 21:22:00.000,t,user,ANDREASICP9220
1086,Eleni,Novak,eleni.novak1086@example.com,+146-7448749090,$2b$12$zHw8JRhDQiT88WCe3fDT7eNXtdvWDFDTA7Xrc5UTIdDkd9YMrfF0r,Cyprus,Nicosia,35,female,3,,t,2026-02-04 04:17:00.000,t,user,ELENIICP3476
1087,Tomas,Dubois,tomas.dubois1087@example.com,+143-8831051904,$2b$12$BYqREX1vfi5jE9VoBNnTvNUhkysUUHxRDi1a5BQ7Qc4N7A41uqgOy,Czechia,Prague,55,male,2,GLOBALICP6132,t,2026-03-04 08:43:00.000,t,user,TOMASICP2113
1088,Tereza,Ndlovu,tereza.ndlovu1088@example.com,+143-6051373886,$2b$12$zGQvSpcMdK3nLh7fLxVOXlglsOeC9VQPVpWrdy9qYle8myOgHAMgB,Czechia,Prague,22,female,1,TESTICP8305,t,2026-03-08 12:02:00.000,t,user,TEREZAICP1014
1089,Mikkel,Khan,mikkel.khan1089@example.com,+144-6162502787,$2b$12$PqR4JF6EB0WWHa7YDJ5wQyN7fH7eCVOkcxlR3NwfNTilSKEdHtHZB,Denmark,Copenhagen,21,male,3,AARAVICP7643,t,2026-01-05 10:21:00.000,t,user,MIKKELICP9570
1090,Freja,Kim,freja.kim1090@example.com,+144-7968685708,$2b$12$61HToeTEb4MpOaN4YgLZdYhKMdmuZTyhQHt7nckdqUkwkpKiXNxj2,Denmark,Copenhagen,29,female,1,REFICP5648,t,2026-01-21 09:00:00.000,t,user,FREJAICP8798
1091,Youssouf,Petrov,youssouf.petrov1091@example.com,+145-8973656415,$2b$12$hiqBokQKSLfZszIl98M19FCMmdgj04Ej5dwmpM3CgdHjbFeoBJzU3,Djibouti,Djibouti City,32,male,1,WELCOMEICP4276,t,2026-02-28 12:20:00.000,t,user,YOUSSOUFICP8716
1092,Hodan,Lopez,hodan.lopez1092@example.com,+145-8512952109,$2b$12$E3i5CyiSN8mhQdi0Ckv2LWNLk81f1E9KZrTTpuJ3KjJa8cDVcGDXY,Djibouti,Djibouti City,23,female,5,WELCOMEICP4571,t,2026-04-27 00:15:00.000,t,user,HODANICP2486
1093,Kieran,Costa,kieran.costa1093@example.com,+146-6068419527,$2b$12$DsR1UbCV2zWwCN1e3ucAq6HXWf2Td6P3gwMwkIeRm8ohD6J7nUnvq,Dominica,Roseau,22,male,3,WELCOMEICP9215,t,2026-04-19 17:03:00.000,t,user,KIERANICP9714
1094,Amara,Singh,amara.singh1094@example.com,+146-8913311922,$2b$12$Z3CwPQ82l2fyl7ekgjjm7bzQ5DATblbXZGuJOWEPGICJ3tWoxr0jr,Dominica,Roseau,28,female,6,GLOBALICP3873,t,2026-02-13 04:59:00.000,t,user,AMARAICP3514
1095,Rafael,Nguyen,rafael.nguyen1095@example.com,+147-6692583718,$2b$12$octhqlIctvxHks5zEjCtaT8uRDr68JjJ4BQT3iIty0BfdNKn6rbHB,Dominican Republic,Santo Domingo,30,male,4,REFICP9381,t,2026-01-24 01:25:00.000,f,user,RAFAELICP6915
1096,Marisol,Rahman,marisol.rahman1096@example.com,+147-7707498619,$2b$12$j0wxrv82fTB9XrX8A3iKfmD19e7Ufz4zISUilxIcZZsICbaq7ZDO3,Dominican Republic,Santo Domingo,62,female,6,AARAVICP5541,t,2026-04-17 14:31:00.000,f,user,MARISOLICP6927
1097,Juan,Ali,juan.ali1097@example.com,+148-8495658464,$2b$12$DBpQ8YxTbqKjCQwdwN7dsNemMVLkut0XqRwHviirWz5knFZXIQ70S,Ecuador,Quito,22,male,1,AARAVICP8856,t,2026-01-30 22:29:00.000,t,user,JUANICP3277
1098,Daniela,Martin,daniela.martin1098@example.com,+148-9509154515,$2b$12$B9G8ksUhhRQtn8AVgbEAmcOKD4csafhLKmPbjUrJv1WMFeYVGS7kU,Ecuador,Quito,31,female,5,WELCOMEICP7004,t,2026-01-03 08:06:00.000,t,user,DANIELAICP2758
1099,Omar,Novak,omar.novak1099@example.com,+149-6776738530,$2b$12$Z8AFzVtCGEwrSfExCTQ0oz9A13X6waPPyGPhyR8T3kwmm0zoAEVVK,Egypt,Cairo,60,male,5,WELCOMEICP9379,t,2026-04-13 20:30:00.000,t,user,OMARICP2770
1100,Mariam,Andersson,mariam.andersson1100@example.com,+149-6524802306,$2b$12$pEMigdeQ8xQjMfeUVXmPEqv1H7bA4xtxCcI1sREiSEgPOQJD0FyE8,Egypt,Cairo,21,female,1,GLOBALICP7003,t,2026-04-01 18:20:00.000,t,user,MARIAMICP1440
1101,Carlos,Ndlovu,,+150-9286483272,$2b$12$3vgvwvOpOK4esubuC1J3qRK9xyJYgPuFVvMwBE0W0Hrc9yoUf0fue,El Salvador,San Salvador,31,male,3,TESTICP9268,t,2026-05-17 00:27:00.000,t,user,CARLOSICP9846
1102,Ana,Popescu,ana.popescu1102@example.com,+150-7345840745,$2b$12$myMCVlbR1Jn7UC6HMVAJMGwjjQsAtZdmzZOpLzhlpZCIBOcjiqXOk,El Salvador,San Salvador,19,female,1,AARAVICP6143,t,2026-01-12 08:31:00.000,t,user,ANAICP7668
1103,Pablo,Kim,pablo.kim1103@example.com,+151-9851611772,$2b$12$wOf6SigT5GZ65p2ohYuKyUoAik8BpKEx6tAQ726wSYb7L0P6QWoIt,Equatorial Guinea,Malabo,52,male,2,WELCOMEICP1128,t,2026-04-04 06:07:00.000,t,user,PABLOICP5186
1104,Lucia,Mensah,lucia.mensah1104@example.com,+151-7292304779,$2b$12$fZon34N2Vzc1Z6Dz0S2YZRFvLYTCbdNNXiyMtfjG8ZV0QXtDTqQZX,Equatorial Guinea,Malabo,41,female,2,WELCOMEICP4677,t,2026-02-20 11:26:00.000,t,user,LUCIAICP4747
1105,Tesfay,Lopez,tesfay.lopez1105@example.com,+152-9894868679,$2b$12$fCq0dMLj7kJaGV5ZEnm6YqUxAmnZTllXb8oBpKOfD28ynxALeId5D,Eritrea,Asmara,56,male,6,AARAVICP1087,t,2026-04-02 04:42:00.000,t,user,TESFAYICP5956
1106,Senait,Takahashi,senait.takahashi1106@example.com,+152-7695209898,$2b$12$Pi3clkEvDfSAqt8E8rwA3qZ5GBkTE6I5NBldlDkCh3EB9ICgSjvmr,Eritrea,Asmara,35,female,5,REFICP4479,t,2026-02-14 08:32:00.000,f,user,SENAITICP9618
1107,Jaan,Singh,jaan.singh1107@example.com,+153-9293585490,$2b$12$JzeVP3bQQyK6ZjfZOC7Ka8O6uTT7JndNude7xyl71f0kWrUOhEAXt,Estonia,Tallinn,24,male,3,WELCOMEICP8298,t,2026-02-03 20:42:00.000,t,user,JAANICP7931
1108,Liis,Kumar,liis.kumar1108@example.com,+153-6387502046,$2b$12$UYMAAcvCnQjENGsB4Djh30GscecgAfOJppfFhPllyf2sKCPMq72ll,Estonia,Tallinn,45,female,5,,t,2026-03-09 06:06:00.000,t,user,LIISICP8817
1109,Sipho,Rahman,sipho.rahman1109@example.com,+154-7976385116,$2b$12$Q17LEM8wPQyshaga81mOOBMWlsCDbkjR7D1KmJZdaNS80TKIsEEKL,Eswatini,Mbabane,21,male,5,,t,2026-05-05 16:45:00.000,t,user,SIPHOICP5388
1110,Nomsa,Smith,,+154-9834878346,$2b$12$O3hMOBBkTDBFKQ50SD2Syz6OwD8kmQfDkjEX6EoI9wqPk1FYuhoIE,Eswatini,Mbabane,20,female,5,GLOBALICP9444,t,2026-03-29 20:49:00.000,t,user,NOMSAICP1826
1111,Abebe,Martin,abebe.martin1111@example.com,+155-9979854542,$2b$12$6X7U8WL1gIFkhmwTRVE1jwYhm8VaZDrkqSzNpUGWiA437GQ6BVSGe,Ethiopia,Addis Ababa,28,male,4,,t,2026-03-28 19:25:00.000,t,user,ABEBEICP3473
1112,Hana,Garcia,hana.garcia1112@example.com,+155-9876255784,$2b$12$J88X28z2R2StvZ3LjzN3MMBvYOW2fHyS2GHnFtvNb3HqZsAFT0qFh,Ethiopia,Addis Ababa,54,female,6,,t,2026-02-01 23:19:00.000,t,user,HANAICP9737
1113,Jone,Andersson,jone.andersson1113@example.com,+156-9627081726,$2b$12$KvrWSPSGpuKZwgSZfd3DBwGKGyqEAB5E8ZihSiR1hnDU6w7LzhJcj,Fiji,Suva,37,male,3,GLOBALICP3328,t,2026-04-06 18:23:00.000,t,user,JONEICP5999
1114,Mere,Chen,mere.chen1114@example.com,+156-9818471645,$2b$12$rlTaHecDtCuxZZiiNVPjTfMMy3vcPBrfkbNVtNNf7HU7GUFbOG7rm,Fiji,Suva,52,female,5,REFICP1737,t,2026-04-24 11:51:00.000,f,user,MEREICP6569
1115,Elias,Popescu,elias.popescu1115@example.com,+157-7876975522,$2b$12$lbGxf8HrlVj7Qd7lSsgi3p63doLoFF6qtIebN4bIKgVOhJB0FWiHk,Finland,Helsinki,53,male,4,,t,2026-03-05 02:27:00.000,f,user,ELIASICP5739
1116,Aino,Muller,aino.muller1116@example.com,+157-8804866399,$2b$12$8a5DL0xvNKFcTIsyhiIrAL7tQvqUCp8vCLaQOaD3Pz3RVHWOebZPP,Finland,Helsinki,56,female,3,AARAVICP3044,t,2026-04-01 21:52:00.000,f,user,AINOICP8283
1117,Hugo,Mensah,hugo.mensah1117@example.com,+158-6040215075,$2b$12$nbr5wfMsSoEwr4RmmYy1JEIOJQJeheqJoGWlQ9QHpIC6N6d6A9qQC,France,Paris,20,male,6,TESTICP7882,t,2026-04-04 01:48:00.000,t,user,HUGOICP7420
1118,Camille,Santos,camille.santos1118@example.com,+158-6835835595,$2b$12$u2Y9nQ74mudMbAbX50pD7ZYGoeLBfBh84x3QWdXdLAgdd0yMz1WMC,France,Paris,57,female,5,,t,2026-04-29 22:56:00.000,t,user,CAMILLEICP1425
1119,Pierre,Takahashi,pierre.takahashi1119@example.com,+159-7950244847,$2b$12$GKgaSK04hFwDMlichKFOwKHjDLs8GOioYIdv8NmelDQCQ0Jusug24,Gabon,Libreville,18,male,6,GLOBALICP8643,t,2026-05-07 16:58:00.000,t,user,PIERREICP6431
1120,Nadia,Ivanov,nadia.ivanov1120@example.com,+159-9467203856,$2b$12$Tml9webhsmKVcbmk2SvIlb04bQxWg6soYO68922ei5XlxxL8pcMlH,Gabon,Libreville,21,female,6,GLOBALICP9327,f,2026-02-08 19:15:00.000,f,user,NADIAICP4428
1121,Ebrima,Kumar,shanice.kim1030@example.com,+160-9123723470,$2b$12$fDPeFUNFECtxRSEqy5Kcnm1ys3J6xIifBvKCMACzXtxloOwf0FNW5,Gambia,Banjul,41,male,1,TESTICP4221,t,2026-01-26 12:04:00.000,t,user,EBRIMAICP5496
1122,Aminata,Okafor,aminata.okafor1122@example.com,+160-6818803017,$2b$12$R99UT4asYWzzJODFVjyoUDFWUSCXtlVRmBIxJh6aYZvzQzWHubW5j,Gambia,Banjul,56,female,5,WELCOMEICP7247,t,2026-03-27 03:40:00.000,t,user,AMINATAICP9757
1123,Giorgi,Smith,giorgi.smith1123@example.com,+161-7659720707,$2b$12$lgJB3fgIbQEle7roOedGk1zjgHDe71imARDL6KFQraidyYG42CJTr,Georgia,Tbilisi,37,male,4,GLOBALICP7800,t,2026-04-27 20:44:00.000,f,user,GIORGIICP8079
1124,Nino,Hassan,nino.hassan1124@example.com,+161-7966356928,$2b$12$xORfRc2j2HPeT34zVhwUFWzkmcbNPCvymcpRiPCCfOSBDrkZLkhTk,Georgia,Tbilisi,27,female,4,GLOBALICP1564,t,2026-01-04 06:17:00.000,t,user,NINOICP8242
1125,Jonas,Garcia,jonas.garcia1125@example.com,+162-8992485680,$2b$12$cNGPOgQBLdxmp4mabaYQd7fZPScFYuMM5yAoguaOannOrMc2zVE9S,Germany,Berlin,56,male,3,WELCOMEICP3177,t,2026-02-13 17:06:00.000,t,user,JONASICP6209
1126,Mia,Rossi,mia.rossi1126@example.com,+162-9657397483,$2b$12$Peb4BFTFRabVhoApeiEmxNoS9B2itWcXzYUoTvmd49XRn2GlNeE7d,Germany,Berlin,23,female,2,GLOBALICP4871,t,2026-02-06 15:08:00.000,t,user,MIAICP8652
1127,Kwame,Chen,,+163-7337723268,$2b$12$kmALsJ7m1D6wxDALAj7DVAf4sHIkxsrIDuSm4a1TxzzyUxt9e29h5,Ghana,Accra,45,male,3,TESTICP9349,t,2026-02-11 15:48:00.000,t,user,KWAMEICP7032
1128,Ama,Silva,ama.silva1128@example.com,+163-8991253219,$2b$12$dxApD5wRbPjL6jpJPkhfSxR8e42kAQFH2KTU51gJXYqmURakEgVzz,Ghana,Accra,28,female,2,GLOBALICP4244,t,2026-03-16 08:27:00.000,t,user,AMAICP2806
1129,Nikos,Muller,nikos.muller1129@example.com,+164-7935573331,$2b$12$JnmUYl82B4gNefhdboEVaq7PWcnXxG7qEULuQvtowyL82Xa1yZ5bh,Greece,Athens,33,male,3,WELCOMEICP9436,t,2026-05-16 17:44:00.000,t,user,NIKOSICP6278
1130,Maria,Brown,maria.brown1130@example.com,+164-6071426604,$2b$12$N28TQoETXv66DORgxLS12WSbEfZ99C37DHpk6Rg9b5uxrSP6PP5NE,Greece,Athens,54,female,5,,t,2026-03-27 16:59:00.000,f,user,MARIAICP7252
1131,Devon,Santos,devon.santos1131@example.com,+165-8808563494,$2b$12$NI1YnhffT6Uhw07JadH08twQXGLnyHCi6ZECLjPXRLt9h9RDZERx8,Grenada,St. George's,31,male,6,GLOBALICP1861,t,2026-03-27 13:52:00.000,t,user,DEVONICP8987
1132,Keisha,Yamamoto,keisha.yamamoto1132@example.com,+165-9124139724,$2b$12$y9O09HuQ9UyGrRm1yiUJX0RCkiRsinUTaTJQ9j6A05f8ld8OK8Mzc,Grenada,St. George's,37,female,6,GLOBALICP7150,t,2026-03-03 21:31:00.000,f,user,KEISHAICP2468
1133,Luis,Ivanov,luis.ivanov1133@example.com,+166-9340328400,$2b$12$CYxNBahhN4nK9DRfKx9RshuS1HzRyYWGdZHYOUmOh1RaBtcJOfpUf,Guatemala,Guatemala City,41,male,5,,f,2026-02-02 01:19:00.000,t,user,LUISICP5068
1134,Ximena,Dubois,ximena.dubois1134@example.com,+166-7291067101,$2b$12$c64sHiEt49LFQPcci1niIKrTAIqOkC6P6imNqNOSIOFkYtWx7pqGQ,Guatemala,Guatemala City,58,female,1,TESTICP5476,t,2026-04-15 11:21:00.000,t,user,XIMENAICP5483
1135,Mamadou,Okafor,mamadou.okafor1135@example.com,+167-6042362717,$2b$12$g8n7WhG2KYfvJrqgctUlXQWI2yKqQSOiJq4NwWQzCBvDr7GS5oNfs,Guinea,Conakry,23,male,1,AARAVICP3705,t,2026-03-22 11:40:00.000,t,user,MAMADOUICP5683
1136,Mariama,Khan,,+167-8380098110,$2b$12$5Ya6P5iEQPHhalZaAHv9O596QcBk5V4kwivdEk8uQZ01rDqaNy557,Guinea,Conakry,47,female,5,AARAVICP6828,t,2026-05-12 10:59:00.000,t,user,MARIAMAICP5888
1137,Carlos,Hassan,carlos.hassan1137@example.com,+168-7519957781,$2b$12$gvSyaAmG3z4aVpDxw3Hq9OBiUa2RgriAubP678hEEQhUWyTTZi7Xh,Guinea-Bissau,Bissau,61,male,2,,t,2026-03-31 01:00:00.000,t,user,CARLOSICP1131
1138,Adama,Petrov,adama.petrov1138@example.com,+168-7865426755,$2b$12$DrfAMTlrhqRPADWgTLl1Mjhyqljbm1xGR8nAdAdgw6Sp3laOtrrLA,Guinea-Bissau,Bissau,39,female,3,,t,2026-03-07 00:23:00.000,t,user,ADAMAICP3134
1139,Ravi,Rossi,ravi.rossi1139@example.com,+169-7422543580,$2b$12$wYUKLorKfgNLc82YlBg6MsDVHjhzS3V0IvwNhBDG7Xkq7r7d8lYEH,Guyana,Georgetown,46,male,5,WELCOMEICP7567,t,2026-05-12 11:10:00.000,t,user,RAVIICP1058
1140,Anjali,Costa,anjali.costa1140@example.com,+169-6687207874,$2b$12$JKa5FFSq0sqhnHsN6ri2d89nhON8u62qi3s9MawTrpaO16KSQ6pML,Guyana,Georgetown,38,female,3,WELCOMEICP3550,t,2026-02-22 23:14:00.000,t,user,ANJALIICP8109
1141,Jean,Silva,jean.silva1141@example.com,+170-7583296780,$2b$12$jDECYkJ6lrt2YQliACNySiUagxgaZ5iVq6LXaXHY0fiV3YtDpHqHb,Haiti,Port-au-Prince,36,male,1,WELCOMEICP3323,t,2026-01-12 12:34:00.000,t,user,JEANICP4713
1142,Nathalie,Nguyen,nathalie.nguyen1142@example.com,+170-7834532707,$2b$12$xvr5QQS3E9n7reuw5fcjAulA3QMr2qEwq4XW18WjjBX8YhATiuhVv,Haiti,Port-au-Prince,62,female,4,TESTICP3264,t,2026-05-07 22:30:00.000,t,user,NATHALIEICP5028
1143,Oscar,Brown,oscar.brown1143@example.com,+171-7645767952,$2b$12$zEHHYxKAJQURoa9bI75dv01Ysi084pZdi7Rxb7xRPeZ1bweeJYjlU,Honduras,Tegucigalpa,48,male,4,WELCOMEICP1216,t,2026-05-17 07:19:00.000,t,user,OSCARICP1526
1144,Suyapa,Ali,suyapa.ali1144@example.com,+171-8594905851,$2b$12$UFaZQ2IZ4FRAj8G8hnMnlUI0YDtNZkXOmgeL0brHeLUtINcq8JIWc,Honduras,Tegucigalpa,18,female,3,WELCOMEICP9195,t,2026-03-22 11:19:00.000,t,user,SUYAPAICP6830
1145,Bence,Yamamoto,bence.yamamoto1145@example.com,+172-6556270789,$2b$12$RgzTgYjKxK0rjC2fS2YOVj7GTO5vWvw1A3VymLejMEXi1H8Wfft5k,Hungary,Budapest,40,male,1,,t,2026-03-14 03:23:00.000,t,user,BENCEICP8753
1146,Eszter,Novak,eszter.novak1146@example.com,+172-7099624585,$2b$12$VB568EwrzMQBFMtfzB29c8dXRIjgxJ0n2PvDHYglg7yAydvLnThCH,Hungary,Budapest,31,female,3,REFICP7230,t,2026-05-01 13:40:00.000,t,user,ESZTERICP8046
1147,Aron,Dubois,aron.dubois1147@example.com,+173-8033278918,$2b$12$nnbVApkiqf2BAn3ld3A7sm6DHW7B4JZI3mSJiPZTZTa35EtXPqS96,Iceland,Reykjavik,58,male,5,,t,2026-02-03 05:28:00.000,f,user,ARONICP7884
1148,Katrin,Ndlovu,katrin.ndlovu1148@example.com,+173-8991213165,$2b$12$Hkxv78JaYb3F1ROCzvHGVhkAkKHx0QBrM519XgOMzEU5gBKcrAnCx,Iceland,Reykjavik,40,female,4,WELCOMEICP1124,t,2026-02-21 00:07:00.000,t,user,KATRINICP9315
1149,Aarav,Khan,aarav.khan1149@example.com,+174-7218071716,$2b$12$qOt34Pa4cbX0GTtkJAIyMyd5A6yTytjoShhJyV4ZjtfbaVjMH8JbT,India,Ujjain,40,male,2,GLOBALICP5864,t,2026-04-28 05:40:00.000,t,user,AARAVICP7194
1150,Ananya,Kim,ananya.kim1150@example.com,+174-9308806664,$2b$12$qdfib91g5hiqle04mgXzEMnA3NBjs4ON0hvv9LaGphLHGVnw3bifQ,India,Ujjain,48,female,2,TESTICP5822,t,2026-02-02 17:17:00.000,t,user,ANANYAICP8144
1151,Budi,Petrov,budi.petrov1151@example.com,+175-8201843093,$2b$12$65pm0S7gXKkmSABKqtgxmv3YB37pzL26GyhYAlpnxitaQSnJtoern,Indonesia,Jakarta,35,male,6,AARAVICP7909,t,2026-02-25 12:35:00.000,t,user,BUDIICP6244
1152,Sari,Lopez,sari.lopez1152@example.com,+175-6851049558,$2b$12$mXE9AhkuxJrN194r0y34cNefXSrUyItLyRC07hxMbcaguQBkl3w39,Indonesia,Jakarta,20,female,1,,t,2026-01-14 17:56:00.000,t,user,SARIICP7218
1153,Reza,Costa,reza.costa1153@example.com,+176-7159263430,$2b$12$R5KhtjK03NPGoDErVDfVSvZpO1ReEnPDxEvYVFt6RO0gi4xCMmyeA,Iran,Tehran,24,male,2,AARAVICP2805,t,2026-03-21 03:41:00.000,f,user,REZAICP4064
1154,Leila,Singh,leila.singh1154@example.com,+176-7145711176,$2b$12$bPCq5fAjFFdqgOTAsyKGEAQO7ndcqegoMSygT2qmWvrKTfFRDs4ot,Iran,Tehran,39,female,4,,t,2026-01-18 14:11:00.000,t,user,LEILAICP6473
1155,Hassan,Nguyen,,+177-6089450635,$2b$12$lqeQ0K8KEpgYJ9ZGkjfsTCT9pEwavS3W13KgQTb81OiEpT8wUm7N7,Iraq,Baghdad,51,male,2,TESTICP6426,t,2026-05-20 23:56:00.000,t,user,HASSANICP5526
1156,Zainab,Rahman,zainab.rahman1156@example.com,+177-7328533462,$2b$12$lJRZhXJXvga5jQGrIkEesCnZhEavZdi2WF7I7SiTA4sb5pQxy435L,Iraq,Baghdad,61,female,3,GLOBALICP4268,t,2026-02-15 03:27:00.000,t,user,ZAINABICP4268
1157,Sean,Ali,sean.ali1157@example.com,+178-7293052593,$2b$12$ss5ClWZfGRFQwvC7C4bVfi4WJxM32d0hPCVG0fq9gKYJQ1hKFSRGI,Ireland,Dublin,61,male,6,TESTICP6093,t,2026-05-07 13:14:00.000,f,user,SEANICP8945
1158,Aoife,Martin,aoife.martin1158@example.com,+178-8678616128,$2b$12$QhaLhgmDZBdhz8Y0HYQ1MANlYOkTHDrP7EPyRgzAbCIasN3Mc47DS,Ireland,Dublin,40,female,5,REFICP4453,t,2026-03-12 09:10:00.000,t,user,AOIFEICP7399
1159,David,Novak,,+179-8203512161,$2b$12$dOvSvSWrVsy4NxDOJ5WGiu7vMzc0jfg5DV8YTo3k3UAdLh0eVL05t,Israel,Tel Aviv,58,male,5,GLOBALICP5136,t,2026-04-26 21:08:00.000,t,user,DAVIDICP4694
1160,Noa,Andersson,noa.andersson1160@example.com,+179-6864116237,$2b$12$UAGWfb7fciaWJ1vQ7TGlmZFw30XBM2JhGgEdHbYrZyw2jrHoGLtMH,Israel,Tel Aviv,34,female,6,,t,2026-01-30 03:30:00.000,t,user,NOAICP6481
1161,Lorenzo,Ndlovu,lorenzo.ndlovu1161@example.com,+100-9814051350,$2b$12$ViHT5P2oe64RVc86LLeI6qccFOAs08bdVYH1QTIdVRAAiB38wmBdo,Italy,Rome,52,male,5,,t,2026-01-03 16:26:00.000,t,user,LORENZOICP5094
1162,Giulia,Popescu,giulia.popescu1162@example.com,+100-9490184455,$2b$12$ddBrtL39iyOOe6mRY31BswI1p3tHgvz6Ee40GsIhSWcoBV7bZqKs7,Italy,Rome,57,female,4,WELCOMEICP7302,t,2026-01-16 17:54:00.000,t,user,GIULIAICP7214
1163,Andre,Kim,,+101-6792107058,$2b$12$OHObV64UuZqUnbSM1W5UYI75r9HASVq7C9o4rQr9VsJcrqpOVatOZ,Jamaica,Kingston,19,male,4,,t,2026-02-15 23:29:00.000,t,user,ANDREICP4569
1164,Aaliyah,Mensah,aaliyah.mensah1164@example.com,+101-7754970413,$2b$12$d6rLtdlVr1hNjMdhcQ1JcSdSqpQ1vSLveBFouxZzN2iuWuzOD8Mjc,Jamaica,Kingston,24,female,5,TESTICP9368,t,2026-02-09 03:01:00.000,t,user,AALIYAHICP6636
1165,Haruto,Lopez,haruto.lopez1165@example.com,+102-6922854141,$2b$12$xKOjVO779J9NTHh2XLOGtmJ4uX8ot8QB7zeIewEoWoZ95p4PPLXvh,Japan,Tokyo,27,male,5,GLOBALICP3947,t,2026-04-15 22:32:00.000,t,user,HARUTOICP2979
1166,Yui,Takahashi,yui.takahashi1166@example.com,+102-7797983271,$2b$12$qI5UhcAQ9i144vyISh33KM9cTwBzBZrDilV46f3KwOxBFK6gsvI3J,Japan,Tokyo,42,female,3,GLOBALICP1687,t,2026-04-20 18:20:00.000,t,user,YUIICP4451
1167,Tariq,Singh,tariq.singh1167@example.com,+103-7849145121,$2b$12$GJMgrhqB2r49U5Pim0Ub37HXaZbm6JTGZsgR0BAq19ThveXTuFrNF,Jordan,Amman,38,male,1,REFICP6202,t,2026-01-20 07:44:00.000,t,user,TARIQICP1583
1168,Rania,Kumar,rania.kumar1168@example.com,+103-8725144538,$2b$12$MpK2nmDElEiNfGSnAELScQMNovG7202PENLHsn73VABpAk7Ovyh20,Jordan,Amman,61,female,2,,t,2026-05-07 04:26:00.000,t,user,RANIAICP7701
1169,Aidar,Rahman,aidar.rahman1169@example.com,+104-6261148003,$2b$12$IuPzYAqdEnNcBn2HWg8LiH6bxWuvVddnH9ZySrkxzIpa0UGFXcrbN,Kazakhstan,Astana,25,male,4,GLOBALICP5423,t,2026-03-05 10:17:00.000,t,user,AIDARICP9265
1170,Aigerim,Smith,aigerim.smith1170@example.com,+104-9101451152,$2b$12$RTbUH4fKyZ1WAUsCg8JxAnzrrRFx9T6VSCJbVBDgtiNfIm6KfyZG0,Kazakhstan,Astana,49,female,3,TESTICP3467,t,2026-03-01 10:49:00.000,t,user,AIGERIMICP7660
1171,Brian,Martin,brian.martin1171@example.com,+105-9742754407,$2b$12$aQUXHtOtRF19fgRxUkUkB8cAkXEUHysAs5PGMxOiGmMSGpC65S0iG,Kenya,Nairobi,44,male,2,,t,2026-05-02 09:20:00.000,f,user,BRIANICP6109
1172,Wanjiku,Garcia,wanjiku.garcia1172@example.com,+105-9012767672,$2b$12$lRHudDjvIoM5rY1KsMzpHOejTrqgXKVuVKrY2PDkW9fXjk2u3dFBP,Kenya,Nairobi,25,female,2,WELCOMEICP7316,t,2026-03-25 18:32:00.000,t,user,WANJIKUICP9552
1173,Teburoro,Andersson,teburoro.andersson1173@example.com,+106-7361384034,$2b$12$G2076ZS0IEWQIAvbwCPTnI96xlUaBGatfwp5LcrDcRpM8Z159NED2,Kiribati,Tarawa,41,male,1,GLOBALICP3898,t,2026-05-20 12:02:00.000,t,user,TEBUROROICP7874
1174,Nei,Chen,nei.chen1174@example.com,+106-9582279435,$2b$12$0dNdgH8mMbZ0tR4K6G6yZPeZFTfBrmFkUZaqvvJRJChfTlK7VWnxf,Kiribati,Tarawa,61,female,6,GLOBALICP3174,t,2026-03-05 18:53:00.000,t,user,NEIICP5703
1175,Fahad,Popescu,fahad.popescu1175@example.com,+107-6764521507,$2b$12$rJzZqm8qBfwwVGZQk6KjJ9AOQrv8IUqFnnq5GNDCuIO3tgw3jDu3l,Kuwait,Kuwait City,47,male,5,AARAVICP8192,t,2026-04-02 18:10:00.000,t,user,FAHADICP8126
1176,Haya,Muller,haya.muller1176@example.com,+107-9139427224,$2b$12$yZpxuQs82V3FAV7ybF5276m8Uiu78tVXCkaj2seomfpQ0xDvDQR4P,Kuwait,Kuwait City,24,female,4,,t,2026-04-30 07:15:00.000,t,user,HAYAICP6359
1177,Bekzat,Mensah,bekzat.mensah1177@example.com,+108-9856972085,$2b$12$rP2LHvP8b2lowFaLyeoEcsfxljtPDq7lyGgXvTOzYjhFQaOPAdAUh,Kyrgyzstan,Bishkek,48,male,6,REFICP6977,t,2026-04-27 01:23:00.000,t,user,BEKZATICP7947
1178,Aizada,Santos,aizada.santos1178@example.com,+108-8283684038,$2b$12$V1ea6RpFM2ACc1CdLwAPVbqszBscgTGykHhiE3vCM445YJcucLSYg,Kyrgyzstan,Bishkek,39,female,6,WELCOMEICP7565,t,2026-05-13 08:05:00.000,f,user,AIZADAICP5208
1179,Somchai,Takahashi,somchai.takahashi1179@example.com,+109-9099222456,$2b$12$O2ZAhlqsF0pXxDVBUWrPL4QqzbziqL8tnbudrSZKNuy5avvBCUnRP,Laos,Vientiane,60,male,5,WELCOMEICP6657,t,2026-03-07 21:02:00.000,t,user,SOMCHAIICP9676
1180,Noy,Ivanov,noy.ivanov1180@example.com,+109-7585665242,$2b$12$sUBCjKMJzVUrU9xHx6hyngr1V98Ivn3rVNPQNNFHnzUr5j2yaZVOQ,Laos,Vientiane,59,female,4,WELCOMEICP4094,t,2026-01-26 21:37:00.000,t,user,NOYICP3270
1181,Janis,Kumar,janis.kumar1181@example.com,+110-8618667614,$2b$12$M9LT6upJDfwU2OI10kw2k65us3mCpL9X8FgLu5jC7acP191ezqShW,Latvia,Riga,46,male,4,AARAVICP5799,t,2026-05-18 07:01:00.000,t,user,JANISICP1653
1182,Elina,Okafor,elina.okafor1182@example.com,+110-7560676300,$2b$12$y5NBWg0UJXSwOipDquRCRUUvQuBprciGb2IStSJsSPjXhL1po0Kja,Latvia,Riga,51,female,4,GLOBALICP6639,t,2026-04-05 08:32:00.000,t,user,ELINAICP9209
1183,Karim,Smith,karim.smith1183@example.com,+111-7349892049,$2b$12$Gx5O1DExPenmjLThmEJNaUYW3TwcM7Fq70HeXBGpXl61oSl8qrUT4,Lebanon,Beirut,21,male,2,REFICP8819,t,2026-02-04 01:19:00.000,t,user,KARIMICP1836
1184,Maya,Hassan,maya.hassan1184@example.com,+111-7369486140,$2b$12$WeDBDgKLsaA4SBNKNU9pzqNuDrOqGvQFMgUla3FElVPf1vQYmgots,Lebanon,Beirut,61,female,3,GLOBALICP3532,t,2026-05-17 00:06:00.000,t,user,MAYAICP7491
1185,Thabo,Garcia,thabo.garcia1185@example.com,+112-9375033100,$2b$12$kjPuGDKzToq5ZwsTZttIVa6dzOiCrYmPpZbAxITXMBqejS6K76Wy7,Lesotho,Maseru,56,male,5,AARAVICP1919,t,2026-05-05 16:17:00.000,t,user,THABOICP7053
1186,Lerato,Rossi,lerato.rossi1186@example.com,+112-7881729837,$2b$12$5giUuWzjjsmfpJVqGsbVeWSt04B2lDCuQRpUbhzyEcG4FbBbFXWEJ,Lesotho,Maseru,54,female,1,AARAVICP9712,t,2026-01-19 08:04:00.000,t,user,LERATOICP2437
1187,Moses,Chen,moses.chen1187@example.com,+113-8464990141,$2b$12$5L9UVArB2TOeOvGQYAbJaZbnAqnPuCPVJv21jVmlbL0WH7utomsAq,Liberia,Monrovia,26,male,4,,t,2026-02-25 20:01:00.000,t,user,MOSESICP4417
1188,Comfort,Silva,comfort.silva1188@example.com,+113-7633876728,$2b$12$dBmVKh8FJGkm6Tw9znfFDF6bxA7gwte6OoROY2a7T3c0kaGiDcKnT,Liberia,Monrovia,44,female,2,GLOBALICP9496,f,2026-03-17 20:39:00.000,t,user,COMFORTICP3975
1189,Khaled,Muller,khaled.muller1189@example.com,+114-7567955156,$2b$12$2gkEsM4qtWu3c24cxLGja3f9gD81HiLNtD3hOwMSDU0mni6nffz2g,Libya,Tripoli,60,male,3,WELCOMEICP9518,t,2026-02-27 17:11:00.000,f,user,KHALEDICP5370
1190,Salma,Brown,salma.brown1190@example.com,+114-9263718226,$2b$12$3uxjT0UXNX8aNZoyaD1l18z9CqBUOFu9lv2VCf1VqWAbHf8ZhShvC,Libya,Tripoli,43,female,5,GLOBALICP1273,t,2026-01-23 01:11:00.000,t,user,SALMAICP9611
1191,Fabian,Santos,fabian.santos1191@example.com,+115-8581001737,$2b$12$WIGcHHR9kjQN1o5SH7Amd8yyGADtSseRPmTKeUiDj888yjzKpvo6i,Liechtenstein,Vaduz,55,male,6,,t,2026-04-13 12:46:00.000,t,user,FABIANICP6365
1192,Lena,Yamamoto,lena.yamamoto1192@example.com,+115-6046252649,$2b$12$NGGVLoBYHLj2US26cZpMAkS1EsGfT71o0ERAdgV0T4NuPpwaSEKnA,Liechtenstein,Vaduz,49,female,5,REFICP7157,t,2026-03-10 12:49:00.000,t,user,LENAICP7268
1193,Mantas,Ivanov,mantas.ivanov1193@example.com,+116-6180823403,$2b$12$LKX7JhVwP4AyUvW0JG6YMWPbJb6g5XT0pYv8pBcC9qXmVHtyvY01u,Lithuania,Vilnius,32,male,3,AARAVICP2481,t,2026-05-19 08:51:00.000,t,user,MANTASICP9146
1194,Ieva,Dubois,ieva.dubois1194@example.com,+116-8746524224,$2b$12$lxqRvX3U7ugK4RIUHyRmfL2zqSHy5g7Y3sJf9BcHPqEZ8poOnapbL,Lithuania,Vilnius,53,female,5,GLOBALICP9496,t,2026-04-23 22:35:00.000,t,user,IEVAICP7342
1195,Leo,Okafor,leo.okafor1195@example.com,+117-9207450571,$2b$12$qXwXAw5oHeQtZRXJf49RHgZovR8YnqZCBKe9bBO3DRdv7rp3bLAVi,Luxembourg,Luxembourg City,46,male,3,TESTICP6415,t,2026-04-12 15:42:00.000,t,user,LEOICP9322
1196,Sophie,Khan,sophie.khan1196@example.com,+117-7748661598,$2b$12$iHQtaLSwh8MGTTpLVllOEhf6J6yzRivfwR2Elyo9NvUGbL8dxk7Ga,Luxembourg,Luxembourg City,54,female,5,AARAVICP3824,t,2026-04-09 18:01:00.000,t,user,SOPHIEICP3978
1197,Rivo,Hassan,rivo.hassan1197@example.com,+118-8298726599,$2b$12$nv24LJ3R2ljYbcH76YtsvlG3EL9565HyBhIuwoYlzw45Y4R0gGPtG,Madagascar,Antananarivo,52,male,6,TESTICP3219,t,2026-05-18 01:25:00.000,t,user,RIVOICP7984
1198,Miora,Petrov,miora.petrov1198@example.com,+118-7736189360,$2b$12$AfbgILs9VVRGc6tK3HNTHcsl7dZ2TGlwR4g63SemmNa5mQ5aoYZ99,Madagascar,Antananarivo,43,female,1,,t,2026-02-28 20:58:00.000,t,user,MIORAICP5230
1199,Chikondi,Rossi,chikondi.rossi1199@example.com,+119-9787924003,$2b$12$5QS3t6O4zaZx0lWpaQcVhQehjXeHkT7SRrr1qVy2mf0mGcDgcyfRe,Malawi,Lilongwe,46,male,6,,t,2026-04-23 04:23:00.000,t,user,CHIKONDIICP9251
1200,Thandiwe,Costa,thandiwe.costa1200@example.com,+119-9293338744,$2b$12$8VScaj1pkC3dx6FnMuSbB0LrjHtgeGbSStc3QaadyJ1VcHbZDJxQx,Malawi,Lilongwe,57,female,3,WELCOMEICP8850,t,2026-03-03 06:31:00.000,t,user,THANDIWEICP9789
1201,Aiman,Silva,aiman.silva1201@example.com,+120-9777184575,$2b$12$wiNk792wbXiCSHoy0v6AzTBywuySmnlm2OM3HVzNnigOsZWMdnIjx,Malaysia,Kuala Lumpur,46,male,1,WELCOMEICP3823,t,2026-05-13 22:11:00.000,t,user,AIMANICP3553
1202,Nur,Nguyen,nur.nguyen1202@example.com,+120-8754096836,$2b$12$yWmzD1i5t5LT2PWfa1d0t3mjn0w4KZDRrgI3jzHMjID8Q48PjBUix,Malaysia,Kuala Lumpur,19,female,5,TESTICP8224,t,2026-04-09 00:10:00.000,t,user,NURICP1325
1203,Ibrahim,Brown,ibrahim.brown1203@example.com,+121-8112123327,$2b$12$6J292eisyj9XP7tS6fLXa3zk0lrG4E4dotBAcUVCeIi8MTbx4xcPR,Maldives,Male,50,male,4,TESTICP3168,t,2026-03-27 20:51:00.000,t,user,IBRAHIMICP4160
1204,Aishath,Ali,aishath.ali1204@example.com,+121-8099510682,$2b$12$rfBPX413bhVpkeJofeSTv4eK78NuPLdi45lSfAQnSxMlYRERDTK1B,Maldives,Male,29,female,2,REFICP4102,t,2026-05-10 09:05:00.000,t,user,AISHATHICP2241
1205,Moussa,Yamamoto,moussa.yamamoto1205@example.com,+122-6808306475,$2b$12$lt9kNKLFrAZTGO8pUedvTMYeVSaUfK4wQQeq0BUDEVt9lKcvCC508,Mali,Bamako,27,male,2,WELCOMEICP7874,t,2026-04-29 23:28:00.000,t,user,MOUSSAICP6189
1206,Aminata,Novak,aminata.novak1206@example.com,+122-7638346838,$2b$12$9NyaXPkKlfyjubys7IoESA6j8d7euDro6XzatjNQAhirSY1w8dBzm,Mali,Bamako,38,female,6,WELCOMEICP5596,t,2026-03-26 07:14:00.000,t,user,AMINATAICP6424
1207,Joseph,Dubois,joseph.dubois1207@example.com,+123-8999302585,$2b$12$mhtN8oKoYEDbFfUMfEL37qBWXri0dpNuZDjqt9LHZO7LhTTmXrXAY,Malta,Valletta,31,male,2,AARAVICP7904,t,2026-01-03 18:16:00.000,t,user,JOSEPHICP3418
1208,Maria,Ndlovu,maria.ndlovu1208@example.com,+123-7918497883,$2b$12$MIKVgqrRCkh7h1IwtSIMOyuZcrJJ2dSidejG6oU8uzUEHGNyjZYBh,Malta,Valletta,21,female,6,AARAVICP1859,t,2026-03-08 16:15:00.000,t,user,MARIAICP8842
1209,Jeban,Khan,jeban.khan1209@example.com,+124-6182084427,$2b$12$cV67ityNyFrbSzemcoEve2FZyjaMMqxyZUpm3yOCB7PVmgyg5mVTs,Marshall Islands,Majuro,37,male,3,GLOBALICP5134,t,2026-02-25 03:52:00.000,t,user,JEBANICP1202
1210,Lina,Kim,lina.kim1210@example.com,+124-6929532075,$2b$12$Z1m6yu9LkEIr91pM20M165sxJjdnlA2ezbV3sq53Xm5UQb5Dafo1J,Marshall Islands,Majuro,62,female,5,GLOBALICP4530,t,2026-03-11 17:01:00.000,t,user,LINAICP1489
1211,Cheikh,Petrov,cheikh.petrov1211@example.com,+125-6159605987,$2b$12$EZz8JcdVrrDXbq2oBaO2ZA7Eo0cwLCDkOxIjTvkyCvsYUEHwAL2uw,Mauritania,Nouakchott,52,male,6,,t,2026-04-30 23:48:00.000,t,user,CHEIKHICP3376
1212,Aicha,Lopez,aicha.lopez1212@example.com,+125-8571794425,$2b$12$vNU0J8XZyZ29HGJpI6TQWEuZx6GYnvzUgNCZ3laXFgie6ozZHfYbb,Mauritania,Nouakchott,61,female,1,,t,2026-01-31 15:11:00.000,t,user,AICHAICP6857
1213,Vikash,Costa,,+126-8841486155,$2b$12$yRsymAKDMcEbtbR1xHgQMv8EbcE4DHfSS5CUo9ctW0nzah1W6BFCR,Mauritius,Port Louis,21,male,3,REFICP9046,t,2026-04-11 02:41:00.000,t,user,VIKASHICP3666
1214,Priya,Singh,priya.singh1214@example.com,+126-6171010551,$2b$12$rugjZmEaWY4VclvQ0oBR4giT6IBwRbGRNgDrIAeq6wy442hkJPB9x,Mauritius,Port Louis,60,female,2,AARAVICP1651,t,2026-03-10 00:04:00.000,t,user,PRIYAICP3182
1215,Miguel,Nguyen,miguel.nguyen1215@example.com,+127-9206803605,$2b$12$RadWgPKa2i51XlDDgyNHXjhF1eF9JpU0wnqdA1WbP5yL1UhMX3OUj,Mexico,Mexico City,22,male,4,WELCOMEICP2086,t,2026-05-14 18:31:00.000,t,user,MIGUELICP3384
1216,Fernanda,Rahman,fernanda.rahman1216@example.com,+127-9319657844,$2b$12$NwyCY4sHut6Fx2QR5LOJDfEvGNpqqrFt44JvsZGzqAOV3iVsQwHtX,Mexico,Mexico City,36,female,6,REFICP6527,t,2026-05-14 14:07:00.000,t,user,FERNANDAICP9142
1217,John,Ali,john.ali1217@example.com,+128-7610606822,$2b$12$pEqJHjLp7Y8al55C9KrJmdA8KDxhlwXd0rIqW5Qm3JauMrAoMJqI0,Micronesia,Palikir,55,male,3,GLOBALICP7279,t,2026-02-08 09:35:00.000,t,user,JOHNICP3627
1218,Lina,Martin,lina.martin1218@example.com,+128-6391605448,$2b$12$JM8YhpzpL34raPA10Bo0zBj30UbVmPB2vbFyBmieZQkznvqS3x27Q,Micronesia,Palikir,22,female,4,AARAVICP7371,t,2026-03-05 05:44:00.000,t,user,LINAICP1335
1219,Ion,Novak,ion.novak1219@example.com,+129-8108646283,$2b$12$BBABvq4qjnKGGmcxcoRjMIpGpjiB2lzke2MJW21TrDAkb7LeVqWHW,Moldova,Chisinau,27,male,5,GLOBALICP1143,t,2026-04-06 08:11:00.000,t,user,IONICP5461
1220,Ana,Andersson,ana.andersson1220@example.com,+129-8204374368,$2b$12$YF3ykD0oLwWCCSSkLc8irGEUIT3COGWJZzp6k1hce90h4xsbEUnWU,Moldova,Chisinau,26,female,6,WELCOMEICP5005,t,2026-04-27 03:50:00.000,f,user,ANAICP8193
1221,Louis,Ndlovu,louis.ndlovu1221@example.com,+130-7086282914,$2b$12$ECC2Czd635sdCxOALvFD51Dvl5k9jSqbnGbzXCMrdGhBEVcWTJe85,Monaco,Monaco,46,male,6,TESTICP3358,t,2026-04-07 19:42:00.000,f,user,LOUISICP2526
1222,Claire,Popescu,claire.popescu1222@example.com,+130-8649455179,$2b$12$xycs7mJzZjHp4ae1qDeD85EeC3M807qI3YuPGPZKQXWpYAq6s89dK,Monaco,Monaco,27,female,5,GLOBALICP5075,t,2026-03-07 12:52:00.000,t,user,CLAIREICP2615
1223,Bat,Kim,bat.kim1223@example.com,+131-8995231709,$2b$12$HwUzufkD5et3BYjDb6ho2E7Kz0rLkjuxffXaHEf8YO9ali8wQZwJc,Mongolia,Ulaanbaatar,20,male,5,,t,2026-03-21 19:06:00.000,t,user,BATICP4149
1224,Oyun,Mensah,oyun.mensah1224@example.com,+131-9391060026,$2b$12$ky9gKMGZreLqNRfLQb0PRYwFsRyYo9tuojjeKhgBjeVQJSAhN6IK6,Mongolia,Ulaanbaatar,20,female,3,,t,2026-02-24 00:41:00.000,t,user,OYUNICP1514
1225,Nikola,Lopez,nikola.lopez1225@example.com,+132-9612588697,$2b$12$0plEOyRuiu7At4JRaW7zE9j2oL74SzVNSXxaDZFnuOTFG39LLA6XC,Montenegro,Podgorica,47,male,1,AARAVICP7673,t,2026-05-21 18:34:00.000,f,user,NIKOLAICP2028
1226,Milica,Takahashi,milica.takahashi1226@example.com,+132-8038037426,$2b$12$ZzC2J5Znq30YPJyaonYoaceXH36b1TVWVPEJHIW15ySkOaAupDg5T,Montenegro,Podgorica,60,female,3,WELCOMEICP4343,t,2026-02-14 06:18:00.000,t,user,MILICAICP5731
1227,Youssef,Singh,youssef.singh1227@example.com,+133-7329259824,$2b$12$9QNejh67eVVqlVuFZHFDMWwfkYHpb4XXfdjjYHD5Nb0XAYWykMDKR,Morocco,Rabat,49,male,5,WELCOMEICP6279,t,2026-03-01 06:59:00.000,t,user,YOUSSEFICP1687
1228,Imane,Kumar,imane.kumar1228@example.com,+133-6156248684,$2b$12$Caw95OzZ81f0KIhiE9TvMcZttYs1ds7iqxjvzeGetsb8uS15L0wfq,Morocco,Rabat,25,female,2,REFICP2291,t,2026-03-27 19:56:00.000,t,user,IMANEICP9868
1229,Joao,Rahman,joao.rahman1229@example.com,+134-9921190063,$2b$12$1YIJQsIs3Uc4AOqde6KgDDwHqKIXfkOJ1NbnRk71F9aGqXWlHdnPl,Mozambique,Maputo,26,male,4,WELCOMEICP5713,t,2026-05-16 18:22:00.000,t,user,JOAOICP3042
1230,Celina,Smith,celina.smith1230@example.com,+134-9036131121,$2b$12$AOE8zlphlNhPic9UTQin7JOSZagmiSW1uzOQBmNmv11PE6BpAjWZU,Mozambique,Maputo,44,female,1,GLOBALICP5643,t,2026-05-15 18:13:00.000,t,user,CELINAICP1225
1231,Aung,Martin,aung.martin1231@example.com,+135-8032524389,$2b$12$WGKvNBQrDyjn4boEn6F5gSGQqOXUbJ2orYUPIMXGlEGjbVVAvDlTS,Myanmar,Yangon,35,male,5,WELCOMEICP6847,t,2026-04-19 17:44:00.000,t,user,AUNGICP4215
1232,Thiri,Garcia,thiri.garcia1232@example.com,+135-9823625005,$2b$12$pcuDouo7beJizcCHTg9ISnnwcaKhrKBmvohXXHNVcQHORa0YnzufK,Myanmar,Yangon,62,female,3,WELCOMEICP3691,t,2026-03-13 09:27:00.000,t,user,THIRIICP1349
1233,Petrus,Andersson,petrus.andersson1233@example.com,+136-8866025645,$2b$12$rkjTTmmiCPnih4mM2sQjd3DaxHQ3gVnjgoYqGIP653492j9HJ7ALX,Namibia,Windhoek,56,male,2,AARAVICP4215,t,2026-03-13 19:16:00.000,t,user,PETRUSICP9772
1234,Selma,Chen,selma.chen1234@example.com,+136-7996594500,$2b$12$52hR3oR6hD4KTiGHoh4FL2oIvHquilA0mXnNGMeSHTtkr0bVWWQ1S,Namibia,Windhoek,58,female,5,,t,2026-01-22 19:10:00.000,t,user,SELMAICP2609
1235,Ezekiel,Popescu,ezekiel.popescu1235@example.com,+137-7885400675,$2b$12$WHxWULS9tPXFrsjHjPHrGVjZrMcxcAbLaqpvvwFGzIojqotPwYWxc,Nauru,Yaren,21,male,4,WELCOMEICP8537,t,2026-01-12 05:30:00.000,t,user,EZEKIELICP1278
1236,Eita,Muller,eita.muller1236@example.com,+137-9317288760,$2b$12$MN65ldqchyZhIGaMq1l6E5FxVGdqjeRMskJPTzjpASwSGntWf2Ys8,Nauru,Yaren,41,female,3,AARAVICP4057,t,2026-04-10 14:22:00.000,t,user,EITAICP7046
1237,Suman,Mensah,suman.mensah1237@example.com,+138-7459991296,$2b$12$Hll1TPDtX1F7G4bogoRGZrSiLRPvrN9smn8ZmGK2hTYXfSCC2hc8o,Nepal,Kathmandu,30,male,4,WELCOMEICP6292,f,2026-01-25 05:43:00.000,t,user,SUMANICP7662
1238,Sita,Santos,sita.santos1238@example.com,+138-9671396162,$2b$12$cefUVE79f71WSGa4mbYKuzIZGaQuNETZK7442QyLv2eLY1NJgsoGv,Nepal,Kathmandu,44,female,2,,t,2026-01-08 03:08:00.000,f,user,SITAICP9287
1239,Daan,Takahashi,daan.takahashi1239@example.com,+139-6635149757,$2b$12$eBuzf5R1sGzUZNWuEyAXcRhhWbcl9Gmy2f2bjCtUgkn3wYFlJE0AI,Netherlands,Amsterdam,51,male,3,AARAVICP2897,t,2026-02-07 04:13:00.000,f,user,DAANICP1081
1240,Sanne,Ivanov,sanne.ivanov1240@example.com,+139-9409393858,$2b$12$GBmsDPI3icoxSdPBRLcwIRXrla99KkURMMVJxWsILLTQ8C3sHwx7p,Netherlands,Amsterdam,36,female,1,TESTICP4185,t,2026-03-27 03:06:00.000,f,user,SANNEICP2775
1241,Oliver,Kumar,oliver.kumar1241@example.com,+140-6794373950,$2b$12$0YnWWAI7dMbIjNCz3NknI9oLuP4O3GOIbYravzP83JAbXWzVHjOfI,New Zealand,Auckland,58,male,1,GLOBALICP1244,t,2026-04-07 20:26:00.000,t,user,OLIVERICP2609
1242,Amelia,Okafor,amelia.okafor1242@example.com,+140-8886267905,$2b$12$Z2VYtu5h0WyjKV0q30ZkUaPFL4y9h8ymflLZZb6xdOeNeTdzkNmKB,New Zealand,Auckland,21,female,6,TESTICP5425,t,2026-04-17 05:09:00.000,t,user,AMELIAICP8253
1243,Jose,Smith,jose.smith1243@example.com,+141-8571979779,$2b$12$rkSBiy1PKvIf2SZ558J5eWb6Pq8mCfi5w5m4yC5Cm94QekxnAZ8tC,Nicaragua,Managua,42,male,1,WELCOMEICP2217,t,2026-05-21 03:22:00.000,t,user,JOSEICP6031
1244,Maria,Hassan,maria.hassan1244@example.com,+141-7136442642,$2b$12$KTkJc1scYArdCQZyH54TEF4eZN23KZglG8kHTETLoAZ2H20kQtboU,Nicaragua,Managua,62,female,5,WELCOMEICP7599,t,2026-01-07 00:50:00.000,f,user,MARIAICP8431
1245,Amadou,Garcia,amadou.garcia1245@example.com,+142-8054374140,$2b$12$Ry6ozWjXwaHf0lNuj9QOau96QzjeO6eJuyCKcKVqALrHbj3cucLTP,Niger,Niamey,56,male,6,REFICP5781,t,2026-05-19 22:46:00.000,t,user,AMADOUICP6533
1246,Hawa,Rossi,hawa.rossi1246@example.com,+142-9634124429,$2b$12$TFNOrCHCY4RBwl3yymVObMrW7dM8EGxjM4FSjZtJEUXGQaNQXwR2P,Niger,Niamey,57,female,3,REFICP1627,t,2026-04-03 21:24:00.000,t,user,HAWAICP5580
1247,Chinedu,Chen,chinedu.chen1247@example.com,+143-9864468792,$2b$12$HWvxp5yKmvYsNNiHJqy11m755vkeQuHu9D4vkJzK1nGWwn9FIyw7E,Nigeria,Lagos,53,male,3,,t,2026-03-09 21:54:00.000,t,user,CHINEDUICP5707
1248,Amina,Silva,amina.silva1248@example.com,+143-9542755281,$2b$12$qatM23ZeZ4LkmZuoXfwyfsgZmnkMnAT6gXBtaM7j1XrVfWkxG9RGI,Nigeria,Lagos,35,female,3,,t,2026-02-04 00:00:00.000,t,user,AMINAICP6706
1249,Stefan,Muller,stefan.muller1249@example.com,+144-7727408394,$2b$12$kiuYYAduVFXBBskEuuTPHvK7XtSMlh747YAui02cXxoOo7i22ZX1e,North Macedonia,Skopje,48,male,1,WELCOMEICP3984,t,2026-01-02 19:21:00.000,t,user,STEFANICP5659
1250,Elena,Brown,elena.brown1250@example.com,+144-9655541694,$2b$12$GMxMSi7Q6A3WSszUi09R4r6enYRYgiZhL2NMMdT2GzEmIvHVzRPkl,North Macedonia,Skopje,38,female,3,TESTICP5352,t,2026-04-01 00:29:00.000,t,user,ELENAICP1535
1251,Magnus,Santos,magnus.santos1251@example.com,+145-7397729435,$2b$12$ifY1TxOogd1S7OkCnBSnIKlZblj74nzkgAu0esIi3uw7W1Ht6qhSC,Norway,Oslo,43,male,3,AARAVICP6449,t,2026-05-07 16:10:00.000,t,user,MAGNUSICP9161
1252,Ingrid,Yamamoto,ingrid.yamamoto1252@example.com,+145-8625139166,$2b$12$Sh3L0KaJBkuPKV4SnRYi66GibP8iwTTdlccVEYQCF1BQQS2PwoH5X,Norway,Oslo,35,female,3,WELCOMEICP2343,t,2026-01-11 15:01:00.000,t,user,INGRIDICP6254
1253,Said,Ivanov,said.ivanov1253@example.com,+146-6470216614,$2b$12$Cv272J5fWNk56UPfmr1FdZ4J9fQELhyNThj157zUihVPhxg4cMbiv,Oman,Muscat,33,male,2,GLOBALICP1606,t,2026-05-16 23:59:00.000,t,user,SAIDICP7230
1254,Maha,Dubois,maha.dubois1254@example.com,+146-7448749090,$2b$12$malOPsGjWkfbIyG51JuiKxbZm09vxXYTa5SJvWKZWoCil5IHyVi0q,Oman,Muscat,27,female,1,,t,2026-01-21 08:49:00.000,t,user,MAHAICP3017
1255,Ali,Okafor,ali.okafor1255@example.com,+147-7554016139,$2b$12$MDIrkMBSfAKzi1G6gt7j2NaR1cdbw47IVBAWMwKWvr06p0iYCacdh,Pakistan,Lahore,31,male,1,WELCOMEICP4765,t,2026-05-12 12:02:00.000,t,user,ALIICP2474
1256,Ayesha,Khan,ayesha.khan1256@example.com,+147-8100171197,$2b$12$kGHGYPBjbS8RCmcCpCoec1wGrsXkRbJlGGwAApbhamP2myZ5BpByZ,Pakistan,Lahore,22,female,5,GLOBALICP8782,t,2026-01-21 20:37:00.000,t,user,AYESHAICP5358
1257,Taro,Hassan,taro.hassan1257@example.com,+148-7730804550,$2b$12$zg7MbehBEC4cUqoVIYIRRRJtPRtkpLcKOLE4WGEneCBhzLUg47jE7,Palau,Ngerulmud,35,male,2,GLOBALICP6280,t,2026-05-06 00:36:00.000,t,user,TAROICP9444
1258,Lina,Petrov,lina.petrov1258@example.com,+148-8876474892,$2b$12$KrJhLYeYq207indC40gz0OONOq03H8fwRMFF9K33fBbZFKrPbYeHy,Palau,Ngerulmud,26,female,2,WELCOMEICP6833,t,2026-03-08 18:34:00.000,t,user,LINAICP4819
1259,Jorge,Rossi,jorge.rossi1259@example.com,+149-8452802656,$2b$12$88x5HdbHztPZllIszVP5FEYqkPIFCUJ95DNqKoh4fKgAEIpEPYInS,Panama,Panama City,47,male,5,WELCOMEICP3977,t,2026-04-01 12:49:00.000,t,user,JORGEICP7908
1260,Isabel,Costa,isabel.costa1260@example.com,+149-9015114420,$2b$12$NZxHS6AqFjBjuxj5JpNrHa77WqyRocB9yj9GLebZfe9h39pO9NkYm,Panama,Panama City,31,female,4,AARAVICP6598,t,2026-04-15 12:14:00.000,t,user,ISABELICP5169
1261,Michael,Silva,michael.silva1261@example.com,+150-7379618908,$2b$12$IfuZbk4rsihgtblrbJydUE4UVhqHUNH7T1CIgeqG9W0M4M6HMHXp8,Papua New Guinea,Port Moresby,53,male,4,REFICP7244,t,2026-04-13 07:39:00.000,t,user,MICHAELICP2479
1262,Meri,Nguyen,meri.nguyen1262@example.com,+150-7405857132,$2b$12$vqtOgMSQdQDwRxRveeQdZHVYmtzRhFqxdEdKOsiGJlsxx1WTIAEdW,Papua New Guinea,Port Moresby,37,female,3,TESTICP9028,t,2026-03-09 14:00:00.000,t,user,MERIICP1478
1263,Rodrigo,Brown,rodrigo.brown1263@example.com,+151-8453328915,$2b$12$B7V7lFLApWqzxiNVurgNLv5a5A1hjlVC7DOtiteber8f40YpXN9a4,Paraguay,Asuncion,48,male,5,WELCOMEICP8883,t,2026-05-18 09:06:00.000,f,user,RODRIGOICP3094
1264,Lourdes,Ali,lourdes.ali1264@example.com,+151-6841314559,$2b$12$2kK6BWaXB9zqkYeT5dGoVDovKxUcI8NwqFthIUF2wU6cPAswOujm2,Paraguay,Asuncion,27,female,6,TESTICP9802,t,2026-01-29 13:12:00.000,t,user,LOURDESICP9048
1265,Javier,Yamamoto,javier.yamamoto1265@example.com,+152-8929906846,$2b$12$6T8B3ymPNQkklZHQY3vaHXeW7ZpSmx98uHZq3uosc5RNge2BFFeA9,Peru,Lima,60,male,3,WELCOMEICP1876,t,2026-03-13 17:16:00.000,t,user,JAVIERICP9766
1266,Rosa,Novak,rosa.novak1266@example.com,+152-9775311410,$2b$12$weLnRIaQUXPoKjCFO2TXJAKFj2Qd9tJiDrBixcfTLUxpq4ZOKkoJg,Peru,Lima,53,female,4,,t,2026-01-30 05:42:00.000,t,user,ROSAICP4442
1267,Jose,Dubois,jose.dubois1267@example.com,+153-6740463004,$2b$12$GFdJ5khYao3bQxAh4FNPIXDxafsxXr4oI5ONfFcDAU1Nmt1KZWcmV,Philippines,Manila,43,male,2,,t,2026-01-05 23:53:00.000,t,user,JOSEICP6397
1268,Maria,Ndlovu,maria.ndlovu1268@example.com,+153-9187701074,$2b$12$KBebQB8PAfaO4sff09nrYHgM5KVDGaVVAHsiHJMjLWGHIGNhGQNWe,Philippines,Manila,55,female,4,WELCOMEICP2270,t,2026-01-08 20:51:00.000,f,user,MARIAICP1382
1269,Jakub,Khan,jakub.khan1269@example.com,+154-8977329148,$2b$12$Kh6i2Vw0NJZla8Ia63wieCut7CCRPisLWfPZIrLK6Bki6uKBY24qT,Poland,Warsaw,53,male,3,TESTICP8964,t,2026-03-10 13:06:00.000,t,user,JAKUBICP8128
1270,Zofia,Kim,zofia.kim1270@example.com,+154-9347936834,$2b$12$FaJh1EaJ6dNnRvrdkZr19F5L32rdEO4GjqCf9e6H5VaeW6NUdhxal,Poland,Warsaw,60,female,1,WELCOMEICP2324,t,2026-04-29 12:52:00.000,t,user,ZOFIAICP6942
1271,Miguel,Petrov,miguel.petrov1271@example.com,+155-6976730375,$2b$12$61BYicCYKQaD4ZO2JtSRoOXGzIn1vKrDhZfMS58mtHnVVcujWPzQe,Portugal,Lisbon,41,male,4,GLOBALICP6527,t,2026-03-17 15:56:00.000,t,user,MIGUELICP9682
1272,Beatriz,Lopez,beatriz.lopez1272@example.com,+155-6259740229,$2b$12$zqHcAmH9935FH7to5XN0zicuBBrdwMvwymlZKHuVgERTPL3gfgW6f,Portugal,Lisbon,36,female,6,WELCOMEICP1884,t,2026-01-05 13:21:00.000,t,user,BEATRIZICP1389
1273,Khalifa,Costa,khalifa.costa1273@example.com,+156-7744284580,$2b$12$SwoY5RfkafiBtXJ2djzY4egnSl27OQqNMbr7EVR0CI5RKwboUeay7,Qatar,Doha,18,male,2,REFICP2941,t,2026-02-25 18:49:00.000,t,user,KHALIFAICP1514
1274,Mariam,Singh,mariam.singh1274@example.com,+156-9772213435,$2b$12$ncL8resMfnO2MkHvU4QvcyczE6abJ64HexBqW39FRh3nm0tR91byC,Qatar,Doha,18,female,2,,t,2026-02-10 19:20:00.000,t,user,MARIAMICP9081
1275,Andrei,Nguyen,andrei.nguyen1275@example.com,+157-6912751690,$2b$12$9tiyrCpKMPJWnnufaWJN30cpN7Izpa2hxBXMa3u84u2IWHuJlkTVt,Romania,Bucharest,33,male,4,GLOBALICP1138,t,2026-04-12 10:14:00.000,t,user,ANDREIICP7062
1276,Ioana,Rahman,ioana.rahman1276@example.com,+157-7519229233,$2b$12$GeCCbKaBfvkSIlA7gXSkv4WG4SQJAVFnxIfKtUQDRfIcd9voHYLnH,Romania,Bucharest,50,female,5,GLOBALICP9340,t,2026-04-08 04:09:00.000,f,user,IOANAICP6095
1277,Eric,Ali,eric.ali1277@example.com,+158-9720440890,$2b$12$dfFkUkdIMHMZoPjprErniUGgA7wLmahMacmd6RniSE0h2pScWifuc,Rwanda,Kigali,18,male,6,AARAVICP6643,t,2026-03-06 21:12:00.000,t,user,ERICICP8208
1278,Claudine,Martin,claudine.martin1278@example.com,+158-7962448098,$2b$12$CyKLnVQO9fQY8es1c6K7n6bp7HrMyjf16Aadz28z8y72coyjJXwdK,Rwanda,Kigali,20,female,4,WELCOMEICP4216,t,2026-03-07 18:41:00.000,t,user,CLAUDINEICP4089
1279,Abdullah,Novak,,+159-9080693021,$2b$12$nzaOxCiki2hsjnziZvORqjQ0N7HE96MT5jotYfLQqmvoi7968lwdG,Saudi Arabia,Riyadh,30,male,1,GLOBALICP2270,t,2026-02-27 16:16:00.000,t,user,ABDULLAHICP9667
1280,Noura,Andersson,noura.andersson1280@example.com,+159-8145371584,$2b$12$zxSwCT4IquCK3XqV3N6wowD1y5KF7dmrevwH4J564sfvVKu6Jy0l0,Saudi Arabia,Riyadh,35,female,2,REFICP2944,t,2026-03-03 09:29:00.000,t,user,NOURAICP5684
